wav,method,time_s,starts_speech
phone_F2,binary,1.01,True
phone_F2,binary,4.12,False
phone_F2,binary,4.76,True
phone_F2,histogram,1.09,True
phone_F2,histogram,2.5,False
phone_F2,histogram,2.8,True
phone_F2,histogram,3.44,False
phone_F2,histogram,3.64,True
phone_F2,histogram,4.0,False
phone_F2,statistical,1.02,True
phone_F2,statistical,4.04,False
phone_M2,binary,0.52,True
phone_M2,binary,2.51,False
phone_M2,histogram,0.52,True
phone_M2,histogram,2.5,False
phone_M2,statistical,0.52,True
phone_M2,statistical,2.5,False
studio_F2,binary,0.75,True
studio_F2,binary,2.35,False
studio_F2,histogram,0.75,True
studio_F2,histogram,2.32,False
studio_F2,statistical,0.75,True
studio_F2,statistical,2.34,False
studio_M2,binary,0.45,True
studio_M2,binary,1.92,False
studio_M2,histogram,0.48,True
studio_M2,histogram,1.77,False
studio_M2,statistical,0.45,True
studio_M2,statistical,1.91,False
