wav,method,threshold,histogram_fallback,snr_estimate_db,matched,missed,extra,mae_ms,rmse_ms,precision,recall,f1,boundary_details,balanced_error
phone_F2,binary,0.0015631333060107458,False,24.75838727276015,2,0,1,45.00000000000004,57.00877125495695,0.6666666666666666,1.0,0.8,"[{'reference_s': 1.02, 'predicted_s': 1.01, 'starts_speech': True, 'error_ms': -10.000000000000009}, {'reference_s': 4.04, 'predicted_s': 4.12, 'starts_speech': False, 'error_ms': 80.00000000000007}]",0.03651685393258427
phone_F2,histogram,0.057173295454545456,False,24.75838727276015,2,0,4,55.00000000000004,57.00877125495695,0.3333333333333333,1.0,0.5,"[{'reference_s': 1.02, 'predicted_s': 1.09, 'starts_speech': True, 'error_ms': 70.00000000000006}, {'reference_s': 4.04, 'predicted_s': 4.0, 'starts_speech': False, 'error_ms': -40.000000000000036}]",0.10099337748344371
phone_F2,statistical,0.0035795924842736936,False,24.75838727276015,2,0,0,0.0,0.0,1.0,1.0,1.0,"[{'reference_s': 1.02, 'predicted_s': 1.02, 'starts_speech': True, 'error_ms': 0.0}, {'reference_s': 4.04, 'predicted_s': 4.04, 'starts_speech': False, 'error_ms': 0.0}]",0.004464617903117791
phone_M2,binary,0.0015631333060107458,False,26.992573888967808,2,0,0,10.00000000000012,10.00000000000012,1.0,1.0,1.0,"[{'reference_s': 0.53, 'predicted_s': 0.52, 'starts_speech': True, 'error_ms': -10.000000000000009}, {'reference_s': 2.52, 'predicted_s': 2.51, 'starts_speech': False, 'error_ms': -10.000000000000231}]",0.0
phone_M2,histogram,0.028764204545454544,False,26.992573888967808,2,0,0,15.000000000000014,15.81138830084191,1.0,1.0,1.0,"[{'reference_s': 0.53, 'predicted_s': 0.52, 'starts_speech': True, 'error_ms': -10.000000000000009}, {'reference_s': 2.52, 'predicted_s': 2.5, 'starts_speech': False, 'error_ms': -20.000000000000018}]",0.002512562814070352
phone_M2,statistical,0.0035795924842736936,False,26.992573888967808,2,0,0,15.000000000000014,15.81138830084191,1.0,1.0,1.0,"[{'reference_s': 0.53, 'predicted_s': 0.52, 'starts_speech': True, 'error_ms': -10.000000000000009}, {'reference_s': 2.52, 'predicted_s': 2.5, 'starts_speech': False, 'error_ms': -20.000000000000018}]",0.002512562814070352
studio_F2,binary,0.0015631333060107458,False,49.29566911772004,2,0,0,20.000000000000018,20.000000000000018,1.0,1.0,1.0,"[{'reference_s': 0.77, 'predicted_s': 0.75, 'starts_speech': True, 'error_ms': -20.000000000000018}, {'reference_s': 2.37, 'predicted_s': 2.35, 'starts_speech': False, 'error_ms': -20.000000000000018}]",0.006371753246753247
studio_F2,histogram,0.02521306818181818,False,49.29566911772004,2,0,0,35.00000000000014,38.07886552931972,1.0,1.0,1.0,"[{'reference_s': 0.77, 'predicted_s': 0.75, 'starts_speech': True, 'error_ms': -20.000000000000018}, {'reference_s': 2.37, 'predicted_s': 2.32, 'starts_speech': False, 'error_ms': -50.00000000000027}]",0.01574675324675325
studio_F2,statistical,0.0035795924842736936,False,49.29566911772004,2,0,0,25.000000000000135,25.495097567964077,1.0,1.0,1.0,"[{'reference_s': 0.77, 'predicted_s': 0.75, 'starts_speech': True, 'error_ms': -20.000000000000018}, {'reference_s': 2.37, 'predicted_s': 2.34, 'starts_speech': False, 'error_ms': -30.00000000000025}]",0.009496753246753246
studio_M2,binary,0.0015631333060107458,False,37.67122719725979,2,0,0,5.000000000000004,7.071067811865482,1.0,1.0,1.0,"[{'reference_s': 0.45, 'predicted_s': 0.45, 'starts_speech': True, 'error_ms': 0.0}, {'reference_s': 1.93, 'predicted_s': 1.92, 'starts_speech': False, 'error_ms': -10.000000000000009}]",0.0033783783783783786
studio_M2,histogram,0.27592329545454547,False,37.67122719725979,2,0,0,94.99999999999994,115.10864433221333,1.0,1.0,1.0,"[{'reference_s': 0.45, 'predicted_s': 0.48, 'starts_speech': True, 'error_ms': 29.99999999999997}, {'reference_s': 1.93, 'predicted_s': 1.77, 'starts_speech': False, 'error_ms': -159.99999999999991}]",0.06418918918918919
studio_M2,statistical,0.0035795924842736936,False,37.67122719725979,2,0,0,10.000000000000009,14.142135623730963,1.0,1.0,1.0,"[{'reference_s': 0.45, 'predicted_s': 0.45, 'starts_speech': True, 'error_ms': 0.0}, {'reference_s': 1.93, 'predicted_s': 1.91, 'starts_speech': False, 'error_ms': -20.000000000000018}]",0.006756756756756757
