wav,method,signal_to_added_noise_db,seed,matched,missed,extra,mae_ms,rmse_ms,precision,recall,f1,balanced_error
phone_F2,binary,30,2026,2,0,1,45.00000000000004,57.00877125495695,0.6666666666666666,1.0,0.8,0.03651685393258427
phone_F2,binary,30,2027,2,0,1,45.00000000000004,57.00877125495695,0.6666666666666666,1.0,0.8,0.03651685393258427
phone_F2,binary,30,2028,2,0,1,45.00000000000004,57.00877125495695,0.6666666666666666,1.0,0.8,0.03932584269662921
phone_F2,binary,20,2026,2,0,3,65.00000000000017,79.0569415042097,0.4,1.0,0.5714285714285714,0.13202247191011235
phone_F2,binary,20,2027,2,0,3,70.00000000000007,86.02325267042634,0.4,1.0,0.5714285714285714,0.13764044943820225
phone_F2,binary,20,2028,2,0,3,74.99999999999996,93.00537618869129,0.4,1.0,0.5714285714285714,0.1404494382022472
phone_F2,binary,10,2026,0,2,0,,,0.0,0.0,0.0,0.5
phone_F2,binary,10,2027,0,2,0,,,0.0,0.0,0.0,0.5
phone_F2,binary,10,2028,0,2,0,,,0.0,0.0,0.0,0.5
phone_F2,binary,0,2026,0,2,0,,,0.0,0.0,0.0,0.5
phone_F2,binary,0,2027,0,2,0,,,0.0,0.0,0.0,0.5
phone_F2,binary,0,2028,0,2,0,,,0.0,0.0,0.0,0.5
phone_F2,histogram,30,2026,2,0,4,64.99999999999994,66.70832032063164,0.3333333333333333,1.0,0.5,0.11258278145695365
phone_F2,histogram,30,2027,2,0,8,74.99999999999996,79.05694150420948,0.2,1.0,0.3333333333333333,0.19039735099337748
phone_F2,histogram,30,2028,2,0,4,55.00000000000004,57.00877125495695,0.3333333333333333,1.0,0.5,0.10099337748344371
phone_F2,histogram,20,2026,2,0,8,74.99999999999996,79.05694150420948,0.2,1.0,0.3333333333333333,0.19039735099337748
phone_F2,histogram,20,2027,2,0,8,79.99999999999984,85.44003745317518,0.2,1.0,0.3333333333333333,0.20198675496688742
phone_F2,histogram,20,2028,2,0,8,74.99999999999996,79.05694150420948,0.2,1.0,0.3333333333333333,0.19039735099337748
phone_F2,histogram,10,2026,2,0,2,30.00000000000003,31.62277660168382,0.5,1.0,0.6666666666666666,0.05132450331125828
phone_F2,histogram,10,2027,2,0,2,30.00000000000003,31.62277660168382,0.5,1.0,0.6666666666666666,0.05132450331125828
phone_F2,histogram,10,2028,2,0,2,30.00000000000003,31.62277660168382,0.5,1.0,0.6666666666666666,0.05132450331125828
phone_F2,histogram,0,2026,2,0,2,40.000000000000036,40.000000000000036,0.5,1.0,0.6666666666666666,0.054635761589403975
phone_F2,histogram,0,2027,2,0,2,30.00000000000003,31.62277660168382,0.5,1.0,0.6666666666666666,0.04966887417218543
phone_F2,histogram,0,2028,2,0,0,30.00000000000003,31.62277660168382,1.0,1.0,1.0,0.009933774834437087
phone_F2,statistical,30,2026,2,0,0,0.0,0.0,1.0,1.0,1.0,0.004464617903117791
phone_F2,statistical,30,2027,2,0,0,0.0,0.0,1.0,1.0,1.0,0.004464617903117791
phone_F2,statistical,30,2028,2,0,0,0.0,0.0,1.0,1.0,1.0,0.004464617903117791
phone_F2,statistical,20,2026,2,0,0,14.99999999999979,15.81138830084163,1.0,1.0,1.0,0.008426966292134831
phone_F2,statistical,20,2027,2,0,0,14.99999999999979,15.81138830084163,1.0,1.0,1.0,0.008426966292134831
phone_F2,statistical,20,2028,2,0,0,20.000000000000128,22.360679774998065,1.0,1.0,1.0,0.011235955056179775
phone_F2,statistical,10,2026,0,2,0,,,0.0,0.0,0.0,0.5
phone_F2,statistical,10,2027,0,2,0,,,0.0,0.0,0.0,0.5
phone_F2,statistical,10,2028,0,2,0,,,0.0,0.0,0.0,0.5
phone_F2,statistical,0,2026,0,2,0,,,0.0,0.0,0.0,0.5
phone_F2,statistical,0,2027,0,2,0,,,0.0,0.0,0.0,0.5
phone_F2,statistical,0,2028,0,2,0,,,0.0,0.0,0.0,0.5
phone_M2,binary,30,2026,2,0,0,15.000000000000124,15.811388300841982,1.0,1.0,1.0,0.006172839506172839
phone_M2,binary,30,2027,2,0,0,15.000000000000124,15.811388300841982,1.0,1.0,1.0,0.006172839506172839
phone_M2,binary,30,2028,2,0,0,15.000000000000124,15.811388300841982,1.0,1.0,1.0,0.006172839506172839
phone_M2,binary,20,2026,0,2,0,,,0.0,0.0,0.0,0.5
phone_M2,binary,20,2027,0,2,0,,,0.0,0.0,0.0,0.5
phone_M2,binary,20,2028,0,2,0,,,0.0,0.0,0.0,0.5
phone_M2,binary,10,2026,0,2,0,,,0.0,0.0,0.0,0.5
phone_M2,binary,10,2027,0,2,0,,,0.0,0.0,0.0,0.5
phone_M2,binary,10,2028,0,2,0,,,0.0,0.0,0.0,0.5
phone_M2,binary,0,2026,0,2,0,,,0.0,0.0,0.0,0.5
phone_M2,binary,0,2027,0,2,0,,,0.0,0.0,0.0,0.5
phone_M2,binary,0,2028,0,2,0,,,0.0,0.0,0.0,0.5
phone_M2,histogram,30,2026,2,0,0,15.000000000000014,15.81138830084191,1.0,1.0,1.0,0.002512562814070352
phone_M2,histogram,30,2027,2,0,0,15.000000000000014,15.81138830084191,1.0,1.0,1.0,0.002512562814070352
phone_M2,histogram,30,2028,2,0,0,15.000000000000014,15.81138830084191,1.0,1.0,1.0,0.002512562814070352
phone_M2,histogram,20,2026,2,0,2,10.000000000000009,14.142135623730963,0.5,1.0,0.6666666666666666,0.05527638190954774
phone_M2,histogram,20,2027,2,0,2,10.000000000000009,14.142135623730963,0.5,1.0,0.6666666666666666,0.05527638190954774
phone_M2,histogram,20,2028,2,0,2,14.999999999999902,21.213203435596288,0.5,1.0,0.6666666666666666,0.06030150753768844
phone_M2,histogram,10,2026,0,2,0,,,0.0,0.0,0.0,0.5
phone_M2,histogram,10,2027,0,2,0,,,0.0,0.0,0.0,0.5
phone_M2,histogram,10,2028,1,1,0,20.000000000000018,20.000000000000018,1.0,0.5,0.6666666666666666,0.18518518518518517
phone_M2,histogram,0,2026,0,2,0,,,0.0,0.0,0.0,0.5
phone_M2,histogram,0,2027,2,0,1,15.000000000000014,15.81138830084191,0.6666666666666666,1.0,0.8,0.033376760344934545
phone_M2,histogram,0,2028,1,1,0,10.000000000000009,10.000000000000009,1.0,0.5,0.6666666666666666,0.17901234567901234
phone_M2,statistical,30,2026,2,0,0,15.000000000000014,15.81138830084191,1.0,1.0,1.0,0.002512562814070352
phone_M2,statistical,30,2027,2,0,0,15.000000000000014,15.81138830084191,1.0,1.0,1.0,0.002512562814070352
phone_M2,statistical,30,2028,2,0,0,15.000000000000014,15.81138830084191,1.0,1.0,1.0,0.002512562814070352
phone_M2,statistical,20,2026,2,0,0,10.00000000000012,10.00000000000012,1.0,1.0,1.0,0.0
phone_M2,statistical,20,2027,2,0,0,10.00000000000012,10.00000000000012,1.0,1.0,1.0,0.0
phone_M2,statistical,20,2028,2,0,0,10.00000000000012,10.00000000000012,1.0,1.0,1.0,0.0
phone_M2,statistical,10,2026,0,2,0,,,0.0,0.0,0.0,0.5
phone_M2,statistical,10,2027,0,2,0,,,0.0,0.0,0.0,0.5
phone_M2,statistical,10,2028,0,2,0,,,0.0,0.0,0.0,0.5
phone_M2,statistical,0,2026,0,2,0,,,0.0,0.0,0.0,0.5
phone_M2,statistical,0,2027,0,2,0,,,0.0,0.0,0.0,0.5
phone_M2,statistical,0,2028,0,2,0,,,0.0,0.0,0.0,0.5
studio_F2,binary,30,2026,2,0,0,20.000000000000018,20.000000000000018,1.0,1.0,1.0,0.006371753246753247
studio_F2,binary,30,2027,2,0,0,20.000000000000018,20.000000000000018,1.0,1.0,1.0,0.006371753246753247
studio_F2,binary,30,2028,2,0,0,20.000000000000018,20.000000000000018,1.0,1.0,1.0,0.006371753246753247
studio_F2,binary,20,2026,2,0,0,15.000000000000124,15.811388300841982,1.0,1.0,1.0,0.003246753246753247
studio_F2,binary,20,2027,2,0,0,15.000000000000124,15.811388300841982,1.0,1.0,1.0,0.003246753246753247
studio_F2,binary,20,2028,2,0,0,15.000000000000124,15.811388300841982,1.0,1.0,1.0,0.003246753246753247
studio_F2,binary,10,2026,0,2,0,,,0.0,0.0,0.0,0.5
studio_F2,binary,10,2027,0,2,0,,,0.0,0.0,0.0,0.5
studio_F2,binary,10,2028,0,2,0,,,0.0,0.0,0.0,0.5
studio_F2,binary,0,2026,0,2,0,,,0.0,0.0,0.0,0.5
studio_F2,binary,0,2027,0,2,0,,,0.0,0.0,0.0,0.5
studio_F2,binary,0,2028,0,2,0,,,0.0,0.0,0.0,0.5
studio_F2,histogram,30,2026,2,0,0,35.00000000000014,38.07886552931972,1.0,1.0,1.0,0.01574675324675325
studio_F2,histogram,30,2027,2,0,0,35.00000000000014,38.07886552931972,1.0,1.0,1.0,0.01574675324675325
studio_F2,histogram,30,2028,2,0,0,35.00000000000014,38.07886552931972,1.0,1.0,1.0,0.01574675324675325
studio_F2,histogram,20,2026,2,0,0,35.00000000000014,38.07886552931972,1.0,1.0,1.0,0.01574675324675325
studio_F2,histogram,20,2027,2,0,0,35.00000000000014,38.07886552931972,1.0,1.0,1.0,0.01574675324675325
studio_F2,histogram,20,2028,2,0,0,35.00000000000014,38.07886552931972,1.0,1.0,1.0,0.01574675324675325
studio_F2,histogram,10,2026,2,0,0,30.00000000000003,31.62277660168382,1.0,1.0,1.0,0.012621753246753246
studio_F2,histogram,10,2027,2,0,0,30.00000000000003,31.62277660168382,1.0,1.0,1.0,0.012621753246753246
studio_F2,histogram,10,2028,2,0,0,30.00000000000003,31.62277660168382,1.0,1.0,1.0,0.012621753246753246
studio_F2,histogram,0,2026,0,2,0,,,0.0,0.0,0.0,0.5
studio_F2,histogram,0,2027,0,2,0,,,0.0,0.0,0.0,0.5
studio_F2,histogram,0,2028,2,0,1,25.000000000000135,25.495097567964077,0.6666666666666666,1.0,0.8,0.09066558441558442
studio_F2,statistical,30,2026,2,0,0,25.000000000000135,25.495097567964077,1.0,1.0,1.0,0.009496753246753246
studio_F2,statistical,30,2027,2,0,0,25.000000000000135,25.495097567964077,1.0,1.0,1.0,0.009496753246753246
studio_F2,statistical,30,2028,2,0,0,25.000000000000135,25.495097567964077,1.0,1.0,1.0,0.009496753246753246
studio_F2,statistical,20,2026,2,0,0,20.000000000000018,20.000000000000018,1.0,1.0,1.0,0.006371753246753247
studio_F2,statistical,20,2027,2,0,0,20.000000000000018,20.000000000000018,1.0,1.0,1.0,0.006371753246753247
studio_F2,statistical,20,2028,2,0,0,20.000000000000018,20.000000000000018,1.0,1.0,1.0,0.006371753246753247
studio_F2,statistical,10,2026,0,2,0,,,0.0,0.0,0.0,0.5
studio_F2,statistical,10,2027,0,2,0,,,0.0,0.0,0.0,0.5
studio_F2,statistical,10,2028,0,2,0,,,0.0,0.0,0.0,0.5
studio_F2,statistical,0,2026,0,2,0,,,0.0,0.0,0.0,0.5
studio_F2,statistical,0,2027,0,2,0,,,0.0,0.0,0.0,0.5
studio_F2,statistical,0,2028,0,2,0,,,0.0,0.0,0.0,0.5
studio_M2,binary,30,2026,2,0,0,5.000000000000004,7.071067811865482,1.0,1.0,1.0,0.0033783783783783786
studio_M2,binary,30,2027,2,0,0,5.000000000000004,7.071067811865482,1.0,1.0,1.0,0.0033783783783783786
studio_M2,binary,30,2028,2,0,0,5.000000000000004,7.071067811865482,1.0,1.0,1.0,0.0033783783783783786
studio_M2,binary,20,2026,2,0,1,49.99999999999993,58.309518948452904,0.6666666666666666,1.0,0.8,0.13333333333333333
studio_M2,binary,20,2027,1,1,1,20.000000000000018,20.000000000000018,0.5,0.5,0.5,0.12777777777777777
studio_M2,binary,20,2028,2,0,0,15.000000000000014,15.81138830084191,1.0,1.0,1.0,0.016666666666666666
studio_M2,binary,10,2026,0,2,0,,,0.0,0.0,0.0,0.5
studio_M2,binary,10,2027,0,2,0,,,0.0,0.0,0.0,0.5
studio_M2,binary,10,2028,0,2,0,,,0.0,0.0,0.0,0.5
studio_M2,binary,0,2026,0,2,0,,,0.0,0.0,0.0,0.5
studio_M2,binary,0,2027,0,2,0,,,0.0,0.0,0.0,0.5
studio_M2,binary,0,2028,0,2,0,,,0.0,0.0,0.0,0.5
studio_M2,histogram,30,2026,2,0,0,94.99999999999994,115.10864433221333,1.0,1.0,1.0,0.06418918918918919
studio_M2,histogram,30,2027,2,0,0,94.99999999999994,115.10864433221333,1.0,1.0,1.0,0.06418918918918919
studio_M2,histogram,30,2028,2,0,0,94.99999999999994,115.10864433221333,1.0,1.0,1.0,0.06418918918918919
studio_M2,histogram,20,2026,2,0,0,94.99999999999994,115.10864433221333,1.0,1.0,1.0,0.06418918918918919
studio_M2,histogram,20,2027,2,0,0,94.99999999999994,115.10864433221333,1.0,1.0,1.0,0.06418918918918919
studio_M2,histogram,20,2028,2,0,0,94.99999999999994,115.10864433221333,1.0,1.0,1.0,0.06418918918918919
studio_M2,histogram,10,2026,2,0,0,20.000000000000018,22.36067977499792,1.0,1.0,1.0,0.013513513513513514
studio_M2,histogram,10,2027,2,0,0,20.000000000000018,22.36067977499792,1.0,1.0,1.0,0.013513513513513514
studio_M2,histogram,10,2028,2,0,0,25.00000000000002,29.15475947422653,1.0,1.0,1.0,0.016891891891891893
studio_M2,histogram,0,2026,2,0,0,25.00000000000002,29.15475947422653,1.0,1.0,1.0,0.016891891891891893
studio_M2,histogram,0,2027,2,0,0,25.00000000000002,29.15475947422653,1.0,1.0,1.0,0.016891891891891893
studio_M2,histogram,0,2028,2,0,0,20.000000000000018,22.36067977499792,1.0,1.0,1.0,0.013513513513513514
studio_M2,statistical,30,2026,2,0,0,10.000000000000009,14.142135623730963,1.0,1.0,1.0,0.006756756756756757
studio_M2,statistical,30,2027,2,0,0,10.000000000000009,14.142135623730963,1.0,1.0,1.0,0.006756756756756757
studio_M2,statistical,30,2028,2,0,0,10.000000000000009,14.142135623730963,1.0,1.0,1.0,0.006756756756756757
studio_M2,statistical,20,2026,2,0,0,5.000000000000004,7.071067811865482,1.0,1.0,1.0,0.0033783783783783786
studio_M2,statistical,20,2027,2,0,0,5.000000000000004,7.071067811865482,1.0,1.0,1.0,0.0033783783783783786
studio_M2,statistical,20,2028,2,0,0,5.000000000000004,7.071067811865482,1.0,1.0,1.0,0.0033783783783783786
studio_M2,statistical,10,2026,0,2,0,,,0.0,0.0,0.0,0.5
studio_M2,statistical,10,2027,0,2,0,,,0.0,0.0,0.0,0.5
studio_M2,statistical,10,2028,0,2,0,,,0.0,0.0,0.0,0.5
studio_M2,statistical,0,2026,0,2,0,,,0.0,0.0,0.0,0.5
studio_M2,statistical,0,2027,0,2,0,,,0.0,0.0,0.0,0.5
studio_M2,statistical,0,2028,0,2,0,,,0.0,0.0,0.0,0.5
