wav,method,time_s,starts_speech
phone_F2,binary,0.61,True
phone_F2,binary,0.63,False
phone_F2,binary,1.01,True
phone_F2,binary,4.13,False
phone_F2,binary,4.57,True
phone_F2,histogram,1.05,True
phone_F2,histogram,2.54,False
phone_F2,histogram,2.79,True
phone_F2,histogram,4.0,False
phone_F2,statistical,1.01,True
phone_F2,statistical,4.07,False
phone_M2,binary,0.52,True
phone_M2,binary,2.51,False
phone_M2,histogram,0.53,True
phone_M2,histogram,2.5,False
phone_M2,statistical,0.52,True
phone_M2,statistical,2.51,False
studio_F2,binary,0.76,True
studio_F2,binary,2.35,False
studio_F2,histogram,0.76,True
studio_F2,histogram,2.31,False
studio_F2,statistical,0.76,True
studio_F2,statistical,2.35,False
studio_M2,binary,0.45,True
studio_M2,binary,1.92,False
studio_M2,histogram,0.47,True
studio_M2,histogram,1.89,False
studio_M2,statistical,0.46,True
studio_M2,statistical,1.92,False
