wav,method,signal_to_added_noise_db,seed,matched,missed,extra,mae_ms,rmse_ms,precision,recall,f1,boundary_details,balanced_error
phone_F2,binary,30,2026,2,0,1,45.00000000000004,57.00877125495695,0.6666666666666666,1.0,0.8,"[{'reference_s': 1.02, 'predicted_s': 1.01, 'starts_speech': True, 'error_ms': -10.000000000000009}, {'reference_s': 4.04, 'predicted_s': 4.12, 'starts_speech': False, 'error_ms': 80.00000000000007}]",0.03651685393258427
phone_F2,binary,30,2027,2,0,1,45.00000000000004,57.00877125495695,0.6666666666666666,1.0,0.8,"[{'reference_s': 1.02, 'predicted_s': 1.01, 'starts_speech': True, 'error_ms': -10.000000000000009}, {'reference_s': 4.04, 'predicted_s': 4.12, 'starts_speech': False, 'error_ms': 80.00000000000007}]",0.03651685393258427
phone_F2,binary,30,2028,2,0,1,45.00000000000004,57.00877125495695,0.6666666666666666,1.0,0.8,"[{'reference_s': 1.02, 'predicted_s': 1.01, 'starts_speech': True, 'error_ms': -10.000000000000009}, {'reference_s': 4.04, 'predicted_s': 4.12, 'starts_speech': False, 'error_ms': 80.00000000000007}]",0.03932584269662921
phone_F2,binary,20,2026,2,0,3,65.00000000000017,79.0569415042097,0.4,1.0,0.5714285714285714,"[{'reference_s': 1.02, 'predicted_s': 1.0, 'starts_speech': True, 'error_ms': -20.000000000000018}, {'reference_s': 4.04, 'predicted_s': 4.15, 'starts_speech': False, 'error_ms': 110.00000000000031}]",0.13202247191011235
phone_F2,binary,20,2027,2,0,3,70.00000000000007,86.02325267042634,0.4,1.0,0.5714285714285714,"[{'reference_s': 1.02, 'predicted_s': 1.0, 'starts_speech': True, 'error_ms': -20.000000000000018}, {'reference_s': 4.04, 'predicted_s': 4.16, 'starts_speech': False, 'error_ms': 120.00000000000011}]",0.13764044943820225
phone_F2,binary,20,2028,2,0,3,74.99999999999996,93.00537618869129,0.4,1.0,0.5714285714285714,"[{'reference_s': 1.02, 'predicted_s': 1.0, 'starts_speech': True, 'error_ms': -20.000000000000018}, {'reference_s': 4.04, 'predicted_s': 4.17, 'starts_speech': False, 'error_ms': 129.9999999999999}]",0.1404494382022472
phone_F2,binary,10,2026,0,2,0,,,0.0,0.0,0.0,[],0.5
phone_F2,binary,10,2027,0,2,0,,,0.0,0.0,0.0,[],0.5
phone_F2,binary,10,2028,0,2,0,,,0.0,0.0,0.0,[],0.5
phone_F2,binary,0,2026,0,2,0,,,0.0,0.0,0.0,[],0.5
phone_F2,binary,0,2027,0,2,0,,,0.0,0.0,0.0,[],0.5
phone_F2,binary,0,2028,0,2,0,,,0.0,0.0,0.0,[],0.5
phone_F2,histogram,30,2026,2,0,2,35.00000000000003,35.355339059327406,0.5,1.0,0.6666666666666666,"[{'reference_s': 1.02, 'predicted_s': 1.05, 'starts_speech': True, 'error_ms': 30.00000000000003}, {'reference_s': 4.04, 'predicted_s': 4.0, 'starts_speech': False, 'error_ms': -40.000000000000036}]",0.052980132450331126
phone_F2,histogram,30,2027,2,0,2,35.00000000000003,35.355339059327406,0.5,1.0,0.6666666666666666,"[{'reference_s': 1.02, 'predicted_s': 1.05, 'starts_speech': True, 'error_ms': 30.00000000000003}, {'reference_s': 4.04, 'predicted_s': 4.0, 'starts_speech': False, 'error_ms': -40.000000000000036}]",0.052980132450331126
phone_F2,histogram,30,2028,2,0,2,35.00000000000003,35.355339059327406,0.5,1.0,0.6666666666666666,"[{'reference_s': 1.02, 'predicted_s': 1.05, 'starts_speech': True, 'error_ms': 30.00000000000003}, {'reference_s': 4.04, 'predicted_s': 4.0, 'starts_speech': False, 'error_ms': -40.000000000000036}]",0.052980132450331126
phone_F2,histogram,20,2026,2,0,2,35.00000000000003,35.355339059327406,0.5,1.0,0.6666666666666666,"[{'reference_s': 1.02, 'predicted_s': 1.05, 'starts_speech': True, 'error_ms': 30.00000000000003}, {'reference_s': 4.04, 'predicted_s': 4.0, 'starts_speech': False, 'error_ms': -40.000000000000036}]",0.05132450331125828
phone_F2,histogram,20,2027,2,0,2,35.00000000000003,35.355339059327406,0.5,1.0,0.6666666666666666,"[{'reference_s': 1.02, 'predicted_s': 1.05, 'starts_speech': True, 'error_ms': 30.00000000000003}, {'reference_s': 4.04, 'predicted_s': 4.0, 'starts_speech': False, 'error_ms': -40.000000000000036}]",0.052980132450331126
phone_F2,histogram,20,2028,2,0,2,35.00000000000003,35.355339059327406,0.5,1.0,0.6666666666666666,"[{'reference_s': 1.02, 'predicted_s': 1.05, 'starts_speech': True, 'error_ms': 30.00000000000003}, {'reference_s': 4.04, 'predicted_s': 4.0, 'starts_speech': False, 'error_ms': -40.000000000000036}]",0.052980132450331126
phone_F2,histogram,10,2026,2,0,0,30.00000000000014,30.00000000000014,1.0,1.0,1.0,"[{'reference_s': 1.02, 'predicted_s': 1.05, 'starts_speech': True, 'error_ms': 30.00000000000003}, {'reference_s': 4.04, 'predicted_s': 4.01, 'starts_speech': False, 'error_ms': -30.00000000000025}]",0.009933774834437087
phone_F2,histogram,10,2027,2,0,0,15.000000000000234,15.811388300842191,1.0,1.0,1.0,"[{'reference_s': 1.02, 'predicted_s': 1.03, 'starts_speech': True, 'error_ms': 10.000000000000009}, {'reference_s': 4.04, 'predicted_s': 4.02, 'starts_speech': False, 'error_ms': -20.000000000000462}]",0.004966887417218543
phone_F2,histogram,10,2028,2,0,2,25.000000000000245,25.495097567964123,0.5,1.0,0.6666666666666666,"[{'reference_s': 1.02, 'predicted_s': 1.05, 'starts_speech': True, 'error_ms': 30.00000000000003}, {'reference_s': 4.04, 'predicted_s': 4.02, 'starts_speech': False, 'error_ms': -20.000000000000462}]",0.041390728476821195
phone_F2,histogram,0,2026,2,0,4,35.00000000000003,35.355339059327406,0.3333333333333333,1.0,0.5,"[{'reference_s': 1.02, 'predicted_s': 1.05, 'starts_speech': True, 'error_ms': 30.00000000000003}, {'reference_s': 4.04, 'predicted_s': 4.0, 'starts_speech': False, 'error_ms': -40.000000000000036}]",0.05413349207530322
phone_F2,histogram,0,2027,2,0,5,25.000000000000245,25.495097567964123,0.2857142857142857,1.0,0.4444444444444444,"[{'reference_s': 1.02, 'predicted_s': 1.05, 'starts_speech': True, 'error_ms': 30.00000000000003}, {'reference_s': 4.04, 'predicted_s': 4.02, 'starts_speech': False, 'error_ms': -20.000000000000462}]",0.08568345859066895
phone_F2,histogram,0,2028,2,0,5,129.9999999999999,152.64337522473744,0.2857142857142857,1.0,0.4444444444444444,"[{'reference_s': 1.02, 'predicted_s': 0.81, 'starts_speech': True, 'error_ms': -209.99999999999997}, {'reference_s': 4.04, 'predicted_s': 4.09, 'starts_speech': False, 'error_ms': 49.99999999999982}]",0.11797752808988764
phone_F2,statistical,30,2026,2,0,0,0.0,0.0,1.0,1.0,1.0,"[{'reference_s': 1.02, 'predicted_s': 1.02, 'starts_speech': True, 'error_ms': 0.0}, {'reference_s': 4.04, 'predicted_s': 4.04, 'starts_speech': False, 'error_ms': 0.0}]",0.004464617903117791
phone_F2,statistical,30,2027,2,0,0,0.0,0.0,1.0,1.0,1.0,"[{'reference_s': 1.02, 'predicted_s': 1.02, 'starts_speech': True, 'error_ms': 0.0}, {'reference_s': 4.04, 'predicted_s': 4.04, 'starts_speech': False, 'error_ms': 0.0}]",0.004464617903117791
phone_F2,statistical,30,2028,2,0,0,0.0,0.0,1.0,1.0,1.0,"[{'reference_s': 1.02, 'predicted_s': 1.02, 'starts_speech': True, 'error_ms': 0.0}, {'reference_s': 4.04, 'predicted_s': 4.04, 'starts_speech': False, 'error_ms': 0.0}]",0.004464617903117791
phone_F2,statistical,20,2026,2,0,0,14.99999999999979,15.81138830084163,1.0,1.0,1.0,"[{'reference_s': 1.02, 'predicted_s': 1.01, 'starts_speech': True, 'error_ms': -10.000000000000009}, {'reference_s': 4.04, 'predicted_s': 4.06, 'starts_speech': False, 'error_ms': 19.999999999999574}]",0.008426966292134831
phone_F2,statistical,20,2027,2,0,0,14.99999999999979,15.81138830084163,1.0,1.0,1.0,"[{'reference_s': 1.02, 'predicted_s': 1.01, 'starts_speech': True, 'error_ms': -10.000000000000009}, {'reference_s': 4.04, 'predicted_s': 4.06, 'starts_speech': False, 'error_ms': 19.999999999999574}]",0.008426966292134831
phone_F2,statistical,20,2028,2,0,0,20.000000000000128,22.360679774998065,1.0,1.0,1.0,"[{'reference_s': 1.02, 'predicted_s': 1.01, 'starts_speech': True, 'error_ms': -10.000000000000009}, {'reference_s': 4.04, 'predicted_s': 4.07, 'starts_speech': False, 'error_ms': 30.00000000000025}]",0.011235955056179775
phone_F2,statistical,10,2026,0,2,0,,,0.0,0.0,0.0,[],0.5
phone_F2,statistical,10,2027,0,2,0,,,0.0,0.0,0.0,[],0.5
phone_F2,statistical,10,2028,0,2,0,,,0.0,0.0,0.0,[],0.5
phone_F2,statistical,0,2026,0,2,0,,,0.0,0.0,0.0,[],0.5
phone_F2,statistical,0,2027,0,2,0,,,0.0,0.0,0.0,[],0.5
phone_F2,statistical,0,2028,0,2,0,,,0.0,0.0,0.0,[],0.5
phone_M2,binary,30,2026,2,0,0,15.000000000000124,15.811388300841982,1.0,1.0,1.0,"[{'reference_s': 0.53, 'predicted_s': 0.51, 'starts_speech': True, 'error_ms': -20.000000000000018}, {'reference_s': 2.52, 'predicted_s': 2.51, 'starts_speech': False, 'error_ms': -10.000000000000231}]",0.006172839506172839
phone_M2,binary,30,2027,2,0,0,15.000000000000124,15.811388300841982,1.0,1.0,1.0,"[{'reference_s': 0.53, 'predicted_s': 0.51, 'starts_speech': True, 'error_ms': -20.000000000000018}, {'reference_s': 2.52, 'predicted_s': 2.51, 'starts_speech': False, 'error_ms': -10.000000000000231}]",0.006172839506172839
phone_M2,binary,30,2028,2,0,0,15.000000000000124,15.811388300841982,1.0,1.0,1.0,"[{'reference_s': 0.53, 'predicted_s': 0.51, 'starts_speech': True, 'error_ms': -20.000000000000018}, {'reference_s': 2.52, 'predicted_s': 2.51, 'starts_speech': False, 'error_ms': -10.000000000000231}]",0.006172839506172839
phone_M2,binary,20,2026,0,2,0,,,0.0,0.0,0.0,[],0.5
phone_M2,binary,20,2027,0,2,0,,,0.0,0.0,0.0,[],0.5
phone_M2,binary,20,2028,0,2,0,,,0.0,0.0,0.0,[],0.5
phone_M2,binary,10,2026,0,2,0,,,0.0,0.0,0.0,[],0.5
phone_M2,binary,10,2027,0,2,0,,,0.0,0.0,0.0,[],0.5
phone_M2,binary,10,2028,0,2,0,,,0.0,0.0,0.0,[],0.5
phone_M2,binary,0,2026,0,2,0,,,0.0,0.0,0.0,[],0.5
phone_M2,binary,0,2027,0,2,0,,,0.0,0.0,0.0,[],0.5
phone_M2,binary,0,2028,0,2,0,,,0.0,0.0,0.0,[],0.5
phone_M2,histogram,30,2026,2,0,0,10.000000000000009,14.142135623730963,1.0,1.0,1.0,"[{'reference_s': 0.53, 'predicted_s': 0.53, 'starts_speech': True, 'error_ms': 0.0}, {'reference_s': 2.52, 'predicted_s': 2.5, 'starts_speech': False, 'error_ms': -20.000000000000018}]",0.005025125628140704
phone_M2,histogram,30,2027,2,0,0,10.000000000000009,14.142135623730963,1.0,1.0,1.0,"[{'reference_s': 0.53, 'predicted_s': 0.53, 'starts_speech': True, 'error_ms': 0.0}, {'reference_s': 2.52, 'predicted_s': 2.5, 'starts_speech': False, 'error_ms': -20.000000000000018}]",0.005025125628140704
phone_M2,histogram,30,2028,2,0,0,10.000000000000009,14.142135623730963,1.0,1.0,1.0,"[{'reference_s': 0.53, 'predicted_s': 0.53, 'starts_speech': True, 'error_ms': 0.0}, {'reference_s': 2.52, 'predicted_s': 2.5, 'starts_speech': False, 'error_ms': -20.000000000000018}]",0.005025125628140704
phone_M2,histogram,20,2026,2,0,0,10.000000000000009,14.142135623730963,1.0,1.0,1.0,"[{'reference_s': 0.53, 'predicted_s': 0.53, 'starts_speech': True, 'error_ms': 0.0}, {'reference_s': 2.52, 'predicted_s': 2.5, 'starts_speech': False, 'error_ms': -20.000000000000018}]",0.005025125628140704
phone_M2,histogram,20,2027,2,0,0,10.000000000000009,14.142135623730963,1.0,1.0,1.0,"[{'reference_s': 0.53, 'predicted_s': 0.53, 'starts_speech': True, 'error_ms': 0.0}, {'reference_s': 2.52, 'predicted_s': 2.5, 'starts_speech': False, 'error_ms': -20.000000000000018}]",0.005025125628140704
phone_M2,histogram,20,2028,2,0,0,10.000000000000009,14.142135623730963,1.0,1.0,1.0,"[{'reference_s': 0.53, 'predicted_s': 0.53, 'starts_speech': True, 'error_ms': 0.0}, {'reference_s': 2.52, 'predicted_s': 2.5, 'starts_speech': False, 'error_ms': -20.000000000000018}]",0.005025125628140704
phone_M2,histogram,10,2026,2,0,0,10.000000000000009,14.142135623730963,1.0,1.0,1.0,"[{'reference_s': 0.53, 'predicted_s': 0.53, 'starts_speech': True, 'error_ms': 0.0}, {'reference_s': 2.52, 'predicted_s': 2.5, 'starts_speech': False, 'error_ms': -20.000000000000018}]",0.005025125628140704
phone_M2,histogram,10,2027,2,0,0,10.000000000000009,14.142135623730963,1.0,1.0,1.0,"[{'reference_s': 0.53, 'predicted_s': 0.53, 'starts_speech': True, 'error_ms': 0.0}, {'reference_s': 2.52, 'predicted_s': 2.5, 'starts_speech': False, 'error_ms': -20.000000000000018}]",0.005025125628140704
phone_M2,histogram,10,2028,2,0,0,10.000000000000009,14.142135623730963,1.0,1.0,1.0,"[{'reference_s': 0.53, 'predicted_s': 0.53, 'starts_speech': True, 'error_ms': 0.0}, {'reference_s': 2.52, 'predicted_s': 2.5, 'starts_speech': False, 'error_ms': -20.000000000000018}]",0.005025125628140704
phone_M2,histogram,0,2026,1,1,1,20.000000000000018,20.000000000000018,0.5,0.5,0.5,"[{'reference_s': 2.52, 'predicted_s': 2.5, 'starts_speech': False, 'error_ms': -20.000000000000018}]",0.34201873565357654
phone_M2,histogram,0,2027,1,1,1,20.000000000000018,20.000000000000018,0.5,0.5,0.5,"[{'reference_s': 2.52, 'predicted_s': 2.5, 'starts_speech': False, 'error_ms': -20.000000000000018}]",0.3543644146659222
phone_M2,histogram,0,2028,1,1,0,130.0,130.0,1.0,0.5,0.6666666666666666,"[{'reference_s': 0.53, 'predicted_s': 0.4, 'starts_speech': True, 'error_ms': -130.0}]",0.25308641975308643
phone_M2,statistical,30,2026,2,0,0,15.000000000000014,15.81138830084191,1.0,1.0,1.0,"[{'reference_s': 0.53, 'predicted_s': 0.52, 'starts_speech': True, 'error_ms': -10.000000000000009}, {'reference_s': 2.52, 'predicted_s': 2.5, 'starts_speech': False, 'error_ms': -20.000000000000018}]",0.002512562814070352
phone_M2,statistical,30,2027,2,0,0,15.000000000000014,15.81138830084191,1.0,1.0,1.0,"[{'reference_s': 0.53, 'predicted_s': 0.52, 'starts_speech': True, 'error_ms': -10.000000000000009}, {'reference_s': 2.52, 'predicted_s': 2.5, 'starts_speech': False, 'error_ms': -20.000000000000018}]",0.002512562814070352
phone_M2,statistical,30,2028,2,0,0,15.000000000000014,15.81138830084191,1.0,1.0,1.0,"[{'reference_s': 0.53, 'predicted_s': 0.52, 'starts_speech': True, 'error_ms': -10.000000000000009}, {'reference_s': 2.52, 'predicted_s': 2.5, 'starts_speech': False, 'error_ms': -20.000000000000018}]",0.002512562814070352
phone_M2,statistical,20,2026,2,0,0,10.00000000000012,10.00000000000012,1.0,1.0,1.0,"[{'reference_s': 0.53, 'predicted_s': 0.52, 'starts_speech': True, 'error_ms': -10.000000000000009}, {'reference_s': 2.52, 'predicted_s': 2.51, 'starts_speech': False, 'error_ms': -10.000000000000231}]",0.0
phone_M2,statistical,20,2027,2,0,0,10.00000000000012,10.00000000000012,1.0,1.0,1.0,"[{'reference_s': 0.53, 'predicted_s': 0.52, 'starts_speech': True, 'error_ms': -10.000000000000009}, {'reference_s': 2.52, 'predicted_s': 2.51, 'starts_speech': False, 'error_ms': -10.000000000000231}]",0.0
phone_M2,statistical,20,2028,2,0,0,10.00000000000012,10.00000000000012,1.0,1.0,1.0,"[{'reference_s': 0.53, 'predicted_s': 0.52, 'starts_speech': True, 'error_ms': -10.000000000000009}, {'reference_s': 2.52, 'predicted_s': 2.51, 'starts_speech': False, 'error_ms': -10.000000000000231}]",0.0
phone_M2,statistical,10,2026,0,2,0,,,0.0,0.0,0.0,[],0.5
phone_M2,statistical,10,2027,0,2,0,,,0.0,0.0,0.0,[],0.5
phone_M2,statistical,10,2028,0,2,0,,,0.0,0.0,0.0,[],0.5
phone_M2,statistical,0,2026,0,2,0,,,0.0,0.0,0.0,[],0.5
phone_M2,statistical,0,2027,0,2,0,,,0.0,0.0,0.0,[],0.5
phone_M2,statistical,0,2028,0,2,0,,,0.0,0.0,0.0,[],0.5
studio_F2,binary,30,2026,2,0,0,20.000000000000018,20.000000000000018,1.0,1.0,1.0,"[{'reference_s': 0.77, 'predicted_s': 0.75, 'starts_speech': True, 'error_ms': -20.000000000000018}, {'reference_s': 2.37, 'predicted_s': 2.35, 'starts_speech': False, 'error_ms': -20.000000000000018}]",0.006371753246753247
studio_F2,binary,30,2027,2,0,0,20.000000000000018,20.000000000000018,1.0,1.0,1.0,"[{'reference_s': 0.77, 'predicted_s': 0.75, 'starts_speech': True, 'error_ms': -20.000000000000018}, {'reference_s': 2.37, 'predicted_s': 2.35, 'starts_speech': False, 'error_ms': -20.000000000000018}]",0.006371753246753247
studio_F2,binary,30,2028,2,0,0,20.000000000000018,20.000000000000018,1.0,1.0,1.0,"[{'reference_s': 0.77, 'predicted_s': 0.75, 'starts_speech': True, 'error_ms': -20.000000000000018}, {'reference_s': 2.37, 'predicted_s': 2.35, 'starts_speech': False, 'error_ms': -20.000000000000018}]",0.006371753246753247
studio_F2,binary,20,2026,2,0,0,15.000000000000124,15.811388300841982,1.0,1.0,1.0,"[{'reference_s': 0.77, 'predicted_s': 0.75, 'starts_speech': True, 'error_ms': -20.000000000000018}, {'reference_s': 2.37, 'predicted_s': 2.36, 'starts_speech': False, 'error_ms': -10.000000000000231}]",0.003246753246753247
studio_F2,binary,20,2027,2,0,0,15.000000000000124,15.811388300841982,1.0,1.0,1.0,"[{'reference_s': 0.77, 'predicted_s': 0.75, 'starts_speech': True, 'error_ms': -20.000000000000018}, {'reference_s': 2.37, 'predicted_s': 2.36, 'starts_speech': False, 'error_ms': -10.000000000000231}]",0.003246753246753247
studio_F2,binary,20,2028,2,0,0,15.000000000000124,15.811388300841982,1.0,1.0,1.0,"[{'reference_s': 0.77, 'predicted_s': 0.75, 'starts_speech': True, 'error_ms': -20.000000000000018}, {'reference_s': 2.37, 'predicted_s': 2.36, 'starts_speech': False, 'error_ms': -10.000000000000231}]",0.003246753246753247
studio_F2,binary,10,2026,0,2,0,,,0.0,0.0,0.0,[],0.5
studio_F2,binary,10,2027,0,2,0,,,0.0,0.0,0.0,[],0.5
studio_F2,binary,10,2028,0,2,0,,,0.0,0.0,0.0,[],0.5
studio_F2,binary,0,2026,0,2,0,,,0.0,0.0,0.0,[],0.5
studio_F2,binary,0,2027,0,2,0,,,0.0,0.0,0.0,[],0.5
studio_F2,binary,0,2028,0,2,0,,,0.0,0.0,0.0,[],0.5
studio_F2,histogram,30,2026,2,0,0,20.000000000000128,22.360679774998065,1.0,1.0,1.0,"[{'reference_s': 0.77, 'predicted_s': 0.76, 'starts_speech': True, 'error_ms': -10.000000000000009}, {'reference_s': 2.37, 'predicted_s': 2.34, 'starts_speech': False, 'error_ms': -30.00000000000025}]",0.00625
studio_F2,histogram,30,2027,2,0,0,20.000000000000128,22.360679774998065,1.0,1.0,1.0,"[{'reference_s': 0.77, 'predicted_s': 0.76, 'starts_speech': True, 'error_ms': -10.000000000000009}, {'reference_s': 2.37, 'predicted_s': 2.34, 'starts_speech': False, 'error_ms': -30.00000000000025}]",0.00625
studio_F2,histogram,30,2028,2,0,0,20.000000000000128,22.360679774998065,1.0,1.0,1.0,"[{'reference_s': 0.77, 'predicted_s': 0.76, 'starts_speech': True, 'error_ms': -10.000000000000009}, {'reference_s': 2.37, 'predicted_s': 2.34, 'starts_speech': False, 'error_ms': -30.00000000000025}]",0.00625
studio_F2,histogram,20,2026,2,0,0,20.000000000000128,22.360679774998065,1.0,1.0,1.0,"[{'reference_s': 0.77, 'predicted_s': 0.76, 'starts_speech': True, 'error_ms': -10.000000000000009}, {'reference_s': 2.37, 'predicted_s': 2.34, 'starts_speech': False, 'error_ms': -30.00000000000025}]",0.00625
studio_F2,histogram,20,2027,2,0,0,20.000000000000128,22.360679774998065,1.0,1.0,1.0,"[{'reference_s': 0.77, 'predicted_s': 0.76, 'starts_speech': True, 'error_ms': -10.000000000000009}, {'reference_s': 2.37, 'predicted_s': 2.34, 'starts_speech': False, 'error_ms': -30.00000000000025}]",0.00625
studio_F2,histogram,20,2028,2,0,0,20.000000000000128,22.360679774998065,1.0,1.0,1.0,"[{'reference_s': 0.77, 'predicted_s': 0.76, 'starts_speech': True, 'error_ms': -10.000000000000009}, {'reference_s': 2.37, 'predicted_s': 2.34, 'starts_speech': False, 'error_ms': -30.00000000000025}]",0.00625
studio_F2,histogram,10,2026,2,0,0,20.000000000000128,22.360679774998065,1.0,1.0,1.0,"[{'reference_s': 0.77, 'predicted_s': 0.76, 'starts_speech': True, 'error_ms': -10.000000000000009}, {'reference_s': 2.37, 'predicted_s': 2.34, 'starts_speech': False, 'error_ms': -30.00000000000025}]",0.00625
studio_F2,histogram,10,2027,2,0,0,20.000000000000128,22.360679774998065,1.0,1.0,1.0,"[{'reference_s': 0.77, 'predicted_s': 0.76, 'starts_speech': True, 'error_ms': -10.000000000000009}, {'reference_s': 2.37, 'predicted_s': 2.34, 'starts_speech': False, 'error_ms': -30.00000000000025}]",0.00625
studio_F2,histogram,10,2028,2,0,0,20.000000000000128,22.360679774998065,1.0,1.0,1.0,"[{'reference_s': 0.77, 'predicted_s': 0.76, 'starts_speech': True, 'error_ms': -10.000000000000009}, {'reference_s': 2.37, 'predicted_s': 2.34, 'starts_speech': False, 'error_ms': -30.00000000000025}]",0.00625
studio_F2,histogram,0,2026,0,2,0,,,0.0,0.0,0.0,[],0.5
studio_F2,histogram,0,2027,1,1,1,49.99999999999982,49.99999999999982,0.5,0.5,0.5,"[{'reference_s': 2.37, 'predicted_s': 2.42, 'starts_speech': False, 'error_ms': 49.99999999999982}]",0.32142857142857145
studio_F2,histogram,0,2028,1,1,1,139.9999999999997,139.9999999999997,0.5,0.5,0.5,"[{'reference_s': 2.37, 'predicted_s': 2.51, 'starts_speech': False, 'error_ms': 139.9999999999997}]",0.37662337662337664
studio_F2,statistical,30,2026,2,0,0,25.000000000000135,25.495097567964077,1.0,1.0,1.0,"[{'reference_s': 0.77, 'predicted_s': 0.75, 'starts_speech': True, 'error_ms': -20.000000000000018}, {'reference_s': 2.37, 'predicted_s': 2.34, 'starts_speech': False, 'error_ms': -30.00000000000025}]",0.009496753246753246
studio_F2,statistical,30,2027,2,0,0,25.000000000000135,25.495097567964077,1.0,1.0,1.0,"[{'reference_s': 0.77, 'predicted_s': 0.75, 'starts_speech': True, 'error_ms': -20.000000000000018}, {'reference_s': 2.37, 'predicted_s': 2.34, 'starts_speech': False, 'error_ms': -30.00000000000025}]",0.009496753246753246
studio_F2,statistical,30,2028,2,0,0,25.000000000000135,25.495097567964077,1.0,1.0,1.0,"[{'reference_s': 0.77, 'predicted_s': 0.75, 'starts_speech': True, 'error_ms': -20.000000000000018}, {'reference_s': 2.37, 'predicted_s': 2.34, 'starts_speech': False, 'error_ms': -30.00000000000025}]",0.009496753246753246
studio_F2,statistical,20,2026,2,0,0,20.000000000000018,20.000000000000018,1.0,1.0,1.0,"[{'reference_s': 0.77, 'predicted_s': 0.75, 'starts_speech': True, 'error_ms': -20.000000000000018}, {'reference_s': 2.37, 'predicted_s': 2.35, 'starts_speech': False, 'error_ms': -20.000000000000018}]",0.006371753246753247
studio_F2,statistical,20,2027,2,0,0,20.000000000000018,20.000000000000018,1.0,1.0,1.0,"[{'reference_s': 0.77, 'predicted_s': 0.75, 'starts_speech': True, 'error_ms': -20.000000000000018}, {'reference_s': 2.37, 'predicted_s': 2.35, 'starts_speech': False, 'error_ms': -20.000000000000018}]",0.006371753246753247
studio_F2,statistical,20,2028,2,0,0,20.000000000000018,20.000000000000018,1.0,1.0,1.0,"[{'reference_s': 0.77, 'predicted_s': 0.75, 'starts_speech': True, 'error_ms': -20.000000000000018}, {'reference_s': 2.37, 'predicted_s': 2.35, 'starts_speech': False, 'error_ms': -20.000000000000018}]",0.006371753246753247
studio_F2,statistical,10,2026,0,2,0,,,0.0,0.0,0.0,[],0.5
studio_F2,statistical,10,2027,0,2,0,,,0.0,0.0,0.0,[],0.5
studio_F2,statistical,10,2028,0,2,0,,,0.0,0.0,0.0,[],0.5
studio_F2,statistical,0,2026,0,2,0,,,0.0,0.0,0.0,[],0.5
studio_F2,statistical,0,2027,0,2,0,,,0.0,0.0,0.0,[],0.5
studio_F2,statistical,0,2028,0,2,0,,,0.0,0.0,0.0,[],0.5
studio_M2,binary,30,2026,2,0,0,5.000000000000004,7.071067811865482,1.0,1.0,1.0,"[{'reference_s': 0.45, 'predicted_s': 0.45, 'starts_speech': True, 'error_ms': 0.0}, {'reference_s': 1.93, 'predicted_s': 1.92, 'starts_speech': False, 'error_ms': -10.000000000000009}]",0.0033783783783783786
studio_M2,binary,30,2027,2,0,0,5.000000000000004,7.071067811865482,1.0,1.0,1.0,"[{'reference_s': 0.45, 'predicted_s': 0.45, 'starts_speech': True, 'error_ms': 0.0}, {'reference_s': 1.93, 'predicted_s': 1.92, 'starts_speech': False, 'error_ms': -10.000000000000009}]",0.0033783783783783786
studio_M2,binary,30,2028,2,0,0,5.000000000000004,7.071067811865482,1.0,1.0,1.0,"[{'reference_s': 0.45, 'predicted_s': 0.45, 'starts_speech': True, 'error_ms': 0.0}, {'reference_s': 1.93, 'predicted_s': 1.92, 'starts_speech': False, 'error_ms': -10.000000000000009}]",0.0033783783783783786
studio_M2,binary,20,2026,2,0,1,49.99999999999993,58.309518948452904,0.6666666666666666,1.0,0.8,"[{'reference_s': 0.45, 'predicted_s': 0.43, 'starts_speech': True, 'error_ms': -20.000000000000018}, {'reference_s': 1.93, 'predicted_s': 2.01, 'starts_speech': False, 'error_ms': 79.99999999999984}]",0.13333333333333333
studio_M2,binary,20,2027,2,0,0,115.00000000000011,149.1643389017631,1.0,1.0,1.0,"[{'reference_s': 0.45, 'predicted_s': 0.43, 'starts_speech': True, 'error_ms': -20.000000000000018}, {'reference_s': 1.93, 'predicted_s': 2.14, 'starts_speech': False, 'error_ms': 210.0000000000002}]",0.12777777777777777
studio_M2,binary,20,2028,2,0,0,15.000000000000014,15.81138830084191,1.0,1.0,1.0,"[{'reference_s': 0.45, 'predicted_s': 0.44, 'starts_speech': True, 'error_ms': -10.000000000000009}, {'reference_s': 1.93, 'predicted_s': 1.95, 'starts_speech': False, 'error_ms': 20.000000000000018}]",0.016666666666666666
studio_M2,binary,10,2026,0,2,0,,,0.0,0.0,0.0,[],0.5
studio_M2,binary,10,2027,0,2,0,,,0.0,0.0,0.0,[],0.5
studio_M2,binary,10,2028,0,2,0,,,0.0,0.0,0.0,[],0.5
studio_M2,binary,0,2026,0,2,0,,,0.0,0.0,0.0,[],0.5
studio_M2,binary,0,2027,0,2,0,,,0.0,0.0,0.0,[],0.5
studio_M2,binary,0,2028,0,2,0,,,0.0,0.0,0.0,[],0.5
studio_M2,histogram,30,2026,2,0,0,24.999999999999993,25.495097567963928,1.0,1.0,1.0,"[{'reference_s': 0.45, 'predicted_s': 0.47, 'starts_speech': True, 'error_ms': 19.99999999999996}, {'reference_s': 1.93, 'predicted_s': 1.9, 'starts_speech': False, 'error_ms': -30.00000000000003}]",0.016891891891891893
studio_M2,histogram,30,2027,2,0,0,24.999999999999993,25.495097567963928,1.0,1.0,1.0,"[{'reference_s': 0.45, 'predicted_s': 0.47, 'starts_speech': True, 'error_ms': 19.99999999999996}, {'reference_s': 1.93, 'predicted_s': 1.9, 'starts_speech': False, 'error_ms': -30.00000000000003}]",0.016891891891891893
studio_M2,histogram,30,2028,2,0,0,24.999999999999993,25.495097567963928,1.0,1.0,1.0,"[{'reference_s': 0.45, 'predicted_s': 0.47, 'starts_speech': True, 'error_ms': 19.99999999999996}, {'reference_s': 1.93, 'predicted_s': 1.9, 'starts_speech': False, 'error_ms': -30.00000000000003}]",0.016891891891891893
studio_M2,histogram,20,2026,2,0,0,24.999999999999993,25.495097567963928,1.0,1.0,1.0,"[{'reference_s': 0.45, 'predicted_s': 0.47, 'starts_speech': True, 'error_ms': 19.99999999999996}, {'reference_s': 1.93, 'predicted_s': 1.9, 'starts_speech': False, 'error_ms': -30.00000000000003}]",0.016891891891891893
studio_M2,histogram,20,2027,2,0,0,24.999999999999993,25.495097567963928,1.0,1.0,1.0,"[{'reference_s': 0.45, 'predicted_s': 0.47, 'starts_speech': True, 'error_ms': 19.99999999999996}, {'reference_s': 1.93, 'predicted_s': 1.9, 'starts_speech': False, 'error_ms': -30.00000000000003}]",0.016891891891891893
studio_M2,histogram,20,2028,2,0,0,24.999999999999993,25.495097567963928,1.0,1.0,1.0,"[{'reference_s': 0.45, 'predicted_s': 0.47, 'starts_speech': True, 'error_ms': 19.99999999999996}, {'reference_s': 1.93, 'predicted_s': 1.9, 'starts_speech': False, 'error_ms': -30.00000000000003}]",0.016891891891891893
studio_M2,histogram,10,2026,2,0,0,15.000000000000014,15.81138830084191,1.0,1.0,1.0,"[{'reference_s': 0.45, 'predicted_s': 0.46, 'starts_speech': True, 'error_ms': 10.000000000000009}, {'reference_s': 1.93, 'predicted_s': 1.91, 'starts_speech': False, 'error_ms': -20.000000000000018}]",0.010135135135135136
studio_M2,histogram,10,2027,2,0,0,24.999999999999993,25.495097567963928,1.0,1.0,1.0,"[{'reference_s': 0.45, 'predicted_s': 0.47, 'starts_speech': True, 'error_ms': 19.99999999999996}, {'reference_s': 1.93, 'predicted_s': 1.9, 'starts_speech': False, 'error_ms': -30.00000000000003}]",0.016891891891891893
studio_M2,histogram,10,2028,2,0,0,24.999999999999993,25.495097567963928,1.0,1.0,1.0,"[{'reference_s': 0.45, 'predicted_s': 0.47, 'starts_speech': True, 'error_ms': 19.99999999999996}, {'reference_s': 1.93, 'predicted_s': 1.9, 'starts_speech': False, 'error_ms': -30.00000000000003}]",0.016891891891891893
studio_M2,histogram,0,2026,2,0,0,24.999999999999993,25.495097567963928,1.0,1.0,1.0,"[{'reference_s': 0.45, 'predicted_s': 0.47, 'starts_speech': True, 'error_ms': 19.99999999999996}, {'reference_s': 1.93, 'predicted_s': 1.9, 'starts_speech': False, 'error_ms': -30.00000000000003}]",0.016891891891891893
studio_M2,histogram,0,2027,2,0,0,20.000000000000018,22.36067977499792,1.0,1.0,1.0,"[{'reference_s': 0.45, 'predicted_s': 0.46, 'starts_speech': True, 'error_ms': 10.000000000000009}, {'reference_s': 1.93, 'predicted_s': 1.9, 'starts_speech': False, 'error_ms': -30.00000000000003}]",0.013513513513513514
studio_M2,histogram,0,2028,0,2,0,,,0.0,0.0,0.0,[],0.5
studio_M2,statistical,30,2026,2,0,0,10.000000000000009,14.142135623730963,1.0,1.0,1.0,"[{'reference_s': 0.45, 'predicted_s': 0.45, 'starts_speech': True, 'error_ms': 0.0}, {'reference_s': 1.93, 'predicted_s': 1.91, 'starts_speech': False, 'error_ms': -20.000000000000018}]",0.006756756756756757
studio_M2,statistical,30,2027,2,0,0,10.000000000000009,14.142135623730963,1.0,1.0,1.0,"[{'reference_s': 0.45, 'predicted_s': 0.45, 'starts_speech': True, 'error_ms': 0.0}, {'reference_s': 1.93, 'predicted_s': 1.91, 'starts_speech': False, 'error_ms': -20.000000000000018}]",0.006756756756756757
studio_M2,statistical,30,2028,2,0,0,10.000000000000009,14.142135623730963,1.0,1.0,1.0,"[{'reference_s': 0.45, 'predicted_s': 0.45, 'starts_speech': True, 'error_ms': 0.0}, {'reference_s': 1.93, 'predicted_s': 1.91, 'starts_speech': False, 'error_ms': -20.000000000000018}]",0.006756756756756757
studio_M2,statistical,20,2026,2,0,0,5.000000000000004,7.071067811865482,1.0,1.0,1.0,"[{'reference_s': 0.45, 'predicted_s': 0.45, 'starts_speech': True, 'error_ms': 0.0}, {'reference_s': 1.93, 'predicted_s': 1.92, 'starts_speech': False, 'error_ms': -10.000000000000009}]",0.0033783783783783786
studio_M2,statistical,20,2027,2,0,0,5.000000000000004,7.071067811865482,1.0,1.0,1.0,"[{'reference_s': 0.45, 'predicted_s': 0.45, 'starts_speech': True, 'error_ms': 0.0}, {'reference_s': 1.93, 'predicted_s': 1.92, 'starts_speech': False, 'error_ms': -10.000000000000009}]",0.0033783783783783786
studio_M2,statistical,20,2028,2,0,0,5.000000000000004,7.071067811865482,1.0,1.0,1.0,"[{'reference_s': 0.45, 'predicted_s': 0.45, 'starts_speech': True, 'error_ms': 0.0}, {'reference_s': 1.93, 'predicted_s': 1.92, 'starts_speech': False, 'error_ms': -10.000000000000009}]",0.0033783783783783786
studio_M2,statistical,10,2026,0,2,0,,,0.0,0.0,0.0,[],0.5
studio_M2,statistical,10,2027,0,2,0,,,0.0,0.0,0.0,[],0.5
studio_M2,statistical,10,2028,0,2,0,,,0.0,0.0,0.0,[],0.5
studio_M2,statistical,0,2026,0,2,0,,,0.0,0.0,0.0,[],0.5
studio_M2,statistical,0,2027,0,2,0,,,0.0,0.0,0.0,[],0.5
studio_M2,statistical,0,2028,0,2,0,,,0.0,0.0,0.0,[],0.5
